canonical_id,service_normalized,occurrences,category
524069,scrotal abscess drainage218,1,procedure
524070,scrotal abscess i & d,1,procedure
524071,scrotal and kub ultrasound,1,imaging
524072,scrotal deplux,2,other
524073,scrotal doppler,3,imaging
524074,scrotal doppler ultrasound,1,imaging
524075,scrotal doppler us,3,imaging
524076,scrotal doppler(c16207,1,imaging
524077,scrotal duplex,3,other
524078,scrotal duppler,2,other
524079,scrotal epidermoid cyst excision (multi,1,procedure
524080,scrotal epidermoid cyst excision (single,1,procedure
524081,scrotal epiidermoid cyst excision (single,1,procedure
524082,scrotal exploration,2,procedure
524083,scrotal exploration under g.a - unilateral,1,procedure
524084,scrotal exploration+epididimo vasostomy - 2 days pkg,1,procedure
524085,scrotal orchiectomy + controlateral fixation- 1 day pkg,1,procedure
524086,scrotal scanning,1,other
524087,scrotal scanning u/s,1,imaging
524088,scrotal sonogram,2,imaging
524089,scrotal study with doppler,1,imaging
524090,scrotal support,3,supplies
524091,scrotal support xl sterile disposable,1,supplies
524092,"scrotal support ""all sizes"" (ortho",1,supplies
524093,scrotal support (s/m/l/xl/2xl) (ortho) (iming) ^^,1,supplies
524094,scrotal support - all size (fitrite,1,supplies
524095,scrotal support - sealeable item,1,supplies
524096,scrotal support large,1,supplies
524097,scrotal support large sterile disposable,1,supplies
524098,scrotal support medium,1,supplies
524099,scrotal support medium non-sterile disposable,1,supplies
524100,scrotal support small,2,supplies
524102,scrotal support smallnon-sterile disposable,1,supplies
524103,scrotal support xl,1,supplies
524104,scrotal support(xl,1,supplies
524105,scrotal u s,2,imaging
524106,scrotal u.s,3,imaging
524108,scrotal u/s and doppler,2,imaging
524109,scrotal u/s with doppler study,2,imaging
524110,scrotal ulcer incisio,1,procedure
524111,scrotal ultra sound,3,imaging
524112,scrotal ultrasonagraphy with doppler evaluation,1,imaging
524114,scrotal ultrasound (310,1,imaging
524116,scrotal us,3,imaging
524117,scrotal u\s,1,other
524118,scrotal with duplex,2,other
524119,scrotal(03067,1,other
524120,scrotal/emo support,1,supplies
524121,scroted abcess removal,1,procedure
524122,"scrotoplasty, simple",1,procedure
524123,scrottal support,1,supplies
524124,scrotum,3,other
524125,scrotum u/s,4,imaging
524126,scrotum & spermatic doppler,1,imaging
524127,scrotum & testes,1,other
524128,scrotum & testes-x-ray,1,imaging
524129,scrotum & testis,1,other
524130,scrotum ( colored dopp. us,1,imaging
524131,scrotum (doppler,1,imaging
524132,scrotum (testicle,1,other
524133,scrotum doppler,4,imaging
524134,scrotum doppler (medgulf,1,imaging
524135,scrotum doppler ulltrasound,1,imaging
524136,scrotum doppler*4d,1,imaging
524138,scrotum ultrasound (testicular,1,imaging
524139,scrotum with doppler,1,imaging
524140,scrotum without doppler,1,imaging
524141,scrotum and testis,1,other
524142,scrotum*4d,1,other
524143,scrotum+testicle us multisection,1,imaging
524144,scrotum+testicle us.doppler multisection,1,imaging
524145,scrotum/testis ultrasound,1,imaging
524146,scrotun,1,other
524148,scrub brash,1,other
524149,scrub brush chlorohexidine,1,other
524151,scrub brush sponge w/chlorhexidine,1,supplies
524152,scrub brush sponge w/iodine,1,supplies
524153,scrub brush surgical plain,1,procedure
524154,scrub brush w/iodine,1,other
524156,scrub-stat,1,other
524157,scruture-jl933,1,other
524158,scrw interfernce 10x30,1,other
524159,sct,1,other
524161,scaling (105,1,dental
524162,scaling /polishing,1,dental
524164,sculture%20screen,1,other
524165,sd plasma/octaplasma,1,lab_test
524166,sd1003/c6/f,1,eyewear
524167,sd1003/c9/f,1,other
524168,sd232e/c10/f,1,other
524169,sd232e/c11/f,1,other
524170,sd232e/c7/f,1,other
524171,sd232e/c8/f,2,other
524172,sd232e/c9/f,1,other
524173,sd255e/c11/f,1,other
524174,sd255e/c9/f,1,other
524175,sd258/c04/f,1,other
524176,sdcopinal20 mg,1,other
524177,sdfa,2,other
524178,"sdn electrode gn 20/1500, stainless steel, inomed #533651",1,supplies
524179,"sdn electrodes 15/2000, stainless steel, inomed #533646",1,other
524180,"sdn electrodes, 20/1500, stainless steel, 533651",1,other
524181,sdressing,1,other
524182,se 1.5 mc tr,1,eyewear
524183,se 1.5 mc white,1,eyewear
524184,se 1.5 rcc,1,other
524185,se 1.5 srb,1,other
524186,se 1.5 transitions,1,eyewear
524187,se 1.6 mc white,1,eyewear
524188,se 1.6 rcc,1,other
524189,se 1.6 srb,1,other
524190,se 1.6 tr scc,1,other
524191,se 1.6 tr srb,1,other
524192,se 1.67 mc white,1,eyewear
524193,se 1.67 srb,1,other
524194,se 1.67 tr scc,1,other
524195,se 1.74 mc white,1,eyewear
524196,se 1.74 srb,1,other
524197,se ambulance inside makkah with dr & nursing,1,supplies
524198,se pro 1.5 rcc,1,other
524199,se pro 1.5 scc,1,other
524200,se pro 1.5 srb,1,other
524201,se pro 1.5 tr rcc,1,other
524202,se pro 1.6 rcc,1,other
524203,se pro 1.6 scc,1,other
524204,se pro 1.6 tr scc,1,other
524205,se pro 1.67 srb,1,other
524206,se ser,1,other
524207,se tribrid 1.6 scc,1,other
524208,se tribrid 1.6 srb,1,other
524209,"se,pr,1.5,mc (sieko",1,eyewear
524210,se1027/900s/46/20 =seventy,1,other
524222,seal cohesive eaken small 5cm (63,1,other
524223,seal neo micro f/ ram cannula # n420,1,supplies
524224,"seal-in mesh 15cm x 15cm , light flat hernia -ehb0407",1,supplies
524225,sealant,1,other
524226,sealant - per tooth,2,dental
524229,sealant per tooth,2,dental
524232,sealant-pertooth,1,other
524233,sealants (pit and fissure) per tooth,1,dental
524234,"sealer , jaw , advanced bipolar small,covidien , lf1212",1,supplies
524235,"sealer , tissue , advanced bipolar / divider.,johnson & johnson",1,other
524236,sealer open curved large jaw medtronic # lf4418,1,supplies
524237,sealer tissue bipolar 12mm-12cm divider bizact medtronic no.bz4212,1,supplies
524238,sealer tissue bipolar 12mm~12cm divider bizact medtronic #bz4212,1,supplies
524239,"sealer, bipolar, aquamantys, 2.3, medtronic, 23-113-1",1,supplies
524240,"sealer, jaw, maryland, 5mm, 37cm, ligasure, covidien, lf1937",1,supplies
524241,"sealer, jaw, maryland, 5mm, 37cm, ligasure, covidien, lf1937, ms",1,supplies
524242,sealer/divider ligsure impact lf4318,1,other
524243,"sealing, hemopatch, hemostat, 45 x 45mm, baxter, 1506256",1,dental
524244,"sealing, hemopatch, hemostat, 45 x 90mm, baxter, 1506253",1,dental
524245,search and removal of deep seated f. body,1,procedure
524247,seb.cyst at gluteal region for exci,1,other
524248,seba. cyst or lipoma removal,1,procedure
524249,sebaceous cyst under g/a,1,other
524250,sebaceous cys. from lid under la,1,other
524251,sebaceous cyst,2,other
524252,sebaceous cyst - each,1,other
524253,sebaceous cyst - large,1,other
524254,sebaceous cyst - small,1,other
524256,"sebaceous cyst excision , dc, under g.a",1,procedure
524257,sebaceous cyst excision - large,2,procedure
524258,sebaceous cyst excision - medium,2,procedure
524259,sebaceous cyst excision - small,1,procedure
524260,sebaceous cyst excision g.a,1,procedure
524261,sebaceous cyst excision l.a,1,procedure
524262,sebaceous cyst excision la,1,procedure
524263,sebaceous cyst excision uga,1,procedure
524264,sebaceous cyst excision under l/a,1,procedure
524265,sebaceous cyst excission large,1,other
524266,sebaceous cyst excission med,1,other
524267,sebaceous cyst excission small,1,other
524268,sebaceous cyst excission-large,1,other
524269,sebaceous cyst excission-large1,1,other
524270,sebaceous cyst exission small,1,other
524271,sebaceous cyst for excission u.l.a,1,lab_test
524272,sebaceous cyst g.a,1,lab_test
524273,sebaceous cyst g/a,1,other
524274,sebaceous cyst l.a,1,lab_test
524275,sebaceous cyst l/a,1,other
524277,sebaceous cyst removal ganglion,1,procedure
524278,sebaceous cyst under l/a,1,other
524279,"sebaceous cyst, excison (deep), large 1 d (or lipoma",1,other
524280,sebaceous cystectomy,1,procedure
524281,sebacious cyst (large,1,other
524282,sebacious cyst -5-7-120367,1,other
524283,sebacious cyst excision,1,procedure
524284,sebacious cyst excision (large) by surgeon,1,procedure
524285,sebacious cyst excision l.a,1,procedure
524286,sebacious cyst(large,2,other
524288,sebaeous cyst excision g/a - one - 1 day(s,1,supplies
524289,sebaeous cyst excision l/a in or - 1 day(s,1,procedure
524290,sebaeous cyst g/a - one,1,supplies
524291,sebaeous cyst l/a,1,other
524299,sebasious cyst (medium,1,other
524300,sebasious cyst (small,1,other
524303,seborrheic cyst excision,1,procedure
524304,seborrheic keratosis,1,other
524305,sec employees : occupational examination and drug test,1,lab_test
524306,sec employee: occupitional standard medical examination,1,consultation
524307,sec employees occupational examination and drug test,1,lab_test
524308,sec occupational: confined space examination,1,consultation
524309,sec occupational: fire fighters examination,1,consultation
524310,sec occupational: skin surveillance examination,1,consultation
524311,sec occupational: standard medical examination,1,consultation
524312,sec occupational: standard medical examination & drug panel examination,1,lab_test
524313,sec pre-employment check-up,1,consultation
524314,sec.opinion-skin biopsy-surgical consultation,1,procedure
524315,sec.opinion-soft tissue biopsy-surgical consultation,1,procedure
524316,sec.opinion-uterus hysterectomy-surgical consultation,1,procedure
524317,sec.sutu./wound our hos,1,other
524319,secceco occupational confined space examination,1,consultation
524320,secceco occupational drug panel test,1,lab_test
524321,secceco occupational examination & drug panel,2,lab_test
524322,secceco occupational examination& drug panel,1,lab_test
524323,secceco occupational fire fighters examination,1,consultation
524324,secceco occupational medical & drug panel,1,lab_test
524325,secceco occupational medical & drug panel examination,2,lab_test
524326,secceco occupational medical examination &drug,1,consultation
524327,secceco occupational medical examination standard,1,consultation
524328,secceco occupational skin surveillance,1,other
524329,secceco occupational welder examination,1,consultation
524330,secceco occupational working at hights examination,1,consultation
524332,secend degree burn ( small,1,other
524335,secg 911 col 08,1,eyewear
524336,secg 911 col 16,1,eyewear
524337,secg kid/t263905/tc20/39,1,other
524338,secg kids frm,1,eyewear
524339,secg memory frm 315,1,eyewear
524340,secg/3543700/c13/f,1,other
524341,secg/3543700/c16 brown/f,1,other
524342,secg/3543700/c17/f,1,other
524343,secg/3543700/c22 dark blue/f,1,other
524344,secg/3543700/c7 green/f,1,other
524345,secg/3594100/c11 yellow/f,1,other
524346,secg/3594100/c15 purple/f,1,other
524347,secg/3594100/c16 brown/f,1,other
524348,secg/3594100/c18 grey/f,1,other
524349,secg/3813900/c10 orange/f,1,other
524350,secg/3813900/c10/39/f,1,other
524351,secg/3813900/c11yellow/f,1,other
524352,secg/3813900/c14 blue/f,1,other
524353,secg/3813900/c15/39,1,other
524354,secg/3813900/c22 dark blue/f,1,other
524355,secg/bo98/c13/pink/f,1,other
524356,secg/bo98/c3/black/red/f,1,eyewear
524357,secg/bo98/c32/blue/grey/f,1,other
524358,secg/t283905/c16/39,1,other
524359,secg/tc156/c13/pink/f,1,other
524360,secg/tc156/c3/black/red/f,1,eyewear
524361,secg/tc156/c31/black/green/f,1,other
524362,secg/tc156/c32/f,1,other
524363,secg/tc185/c1/f,1,eyewear
524364,secg/tr688/c10/f,1,other
524365,secg/tr688/c22/f,1,other
524366,secg/tr688/c8/f,1,other
524367,secg/tr689/c13/f,1,other
524368,secg/tr689/c14/f,1,other
524369,secg/tr689/c22/f,1,other
524370,secg/tr689/c7/f,1,other
524371,secg/tr691/c13/f,1,other
524372,secg/tr691/c14/f,1,other
524373,secg/tr691/c15/f,1,other
524374,secg/tr819/c15 purple/f,1,other
524375,secg/tr869/c16 brown/f,1,other
524376,secg/tr869/c18 grey/f,1,other
524377,secg/tr879/c6 blue/f,1,eyewear
524378,secg/tr880/c6 purple/f,1,eyewear
524379,secg/y003/blue/grey/f,1,other
524380,secg/y003/rose/grey/f,1,other
524381,secgsecg/2883606/c1/36/f,1,eyewear
524382,secgsecg/2883606/c2/36/f,1,eyewear
524383,secgsecg/2883606/c3/36/f,1,eyewear
524384,secgsecg/2883606/c4/36/f,1,eyewear
524385,secgsecg/2883608/c1/36/f,1,eyewear
524386,secgsecg/3813900/c33/39/f,1,other
524387,secgsecg/t263905/tc15/39/f,1,other
524388,secgsecg/t263905/tc20/39/f,1,other
524389,secgsecg/t263905/tc21/39/f,1,other
524392,seclodyn 1% ed sdu 20s,1,other
524398,secnezole 500 4tab,1,other
524423,secnid 4tab,1,other
524500,secnidazole,1,other
524502,secnidazole 500 /mg,1,other
524505,second c.s,1,lab_test
524506,second c.s (4d,1,lab_test
524507,second caesarean section (c.s,1,lab_test
524508,second class,4,other
524509,second class accommodation,1,eyewear
524510,second class accommodation - 201b,1,eyewear
524511,second class accommodation - 202-b,1,eyewear
524512,second class accommodation - 202a,1,eyewear
524513,second class accommodation - 203-a,1,eyewear
524514,second class accommodation - 203-b,1,eyewear
524515,second class accommodation - 203a,1,eyewear
524516,second class accommodation - 203b,1,eyewear
524517,second class accommodation - 206-b,1,eyewear
524518,second class accommodation - 210a,1,eyewear
524519,second class accommodation - 211a,1,eyewear
524520,second class accommodation - 214b,1,eyewear
524521,second class accommodation - 215-a,1,eyewear
524522,second class accommodation - 241,1,eyewear
524523,second class accommodation - 305a,1,eyewear
524524,second class accommodation - 306a,1,eyewear
524525,second class accommodation - 306b,1,eyewear
524526,second class accommodation - 309a,1,eyewear
524527,second class accommodation - 312b,1,eyewear
524528,second class accommodation - 325-aa,1,eyewear
524529,second class accommodation - 326-aa,1,eyewear
524530,second class accommodation - 414-aa,1,eyewear
524531,second class accommodation - 415-cc,1,eyewear
524532,second class accommodation - 416-cc,1,eyewear
524533,second class accommodation - 417-aa,1,eyewear
524534,second class accommodation - 417-cc,1,eyewear
524535,second class accommodation - 420-cc,1,eyewear
524536,second class accommodation - 421-aa,1,eyewear
524537,second class accommodation - 421-cc,1,eyewear
524538,second class accommodation - 422-aa,1,eyewear
524539,second class accommodation-204-b,1,eyewear
524540,second class accomodation,1,other
524541,second class accomodation ws00024811,1,other
524542,second class medical supervision,1,consultation
524543,second class nursing care,1,consultation
524544,second class room,2,consultation
524545,second class room (per day / day case,1,consultation
524546,second class room-including consumables,1,consultation
524547,second class to first class,1,other
524548,second class [semi - private,1,consultation
524550,second degree burndressing (medium,1,other
524551,second opinion consultation,1,consultation
524552,second opinion for slide of histopatholgy,1,other
524553,second opinion review with radiology reports,1,other
524554,second revisn of carpal tunnel syndrome,1,other
524555,"second semister - ultrasound, pregnant uterus, real time with image documentation, 1 or more fetuse",1,imaging
524556,"second semister - ultrasound, pregnant uterus, real time with image documentation, 1 or more fetuses",1,imaging
524557,second specialist,4,consultation
524558,second stage implant prostho,1,supplies
524559,second stage of total knee revisionimplant not included,1,other
524560,second stage of two stage tympanoplasty,1,procedure
524561,second stage repair of penoscrotal hypospadias,1,procedure
524562,second stage squint repair (one or both eyes,1,supplies
524563,second step endodontic treatment,2,dental
524564,second trimaster pregnency - usg,1,imaging
524565,second trimester anomaly scan,1,imaging
524566,second trimester routine scan,1,imaging
524567,second trimester ultrasound,1,imaging
524568,second.sutu./wound ouside,1,other
524569,"secondary closure, surgical wound/ dehiscence",1,procedure
524570,"secondary closure, surgical wound/ dehiscence, extensive/complicated",1,procedure
524571,secondary i.o.l. implant,1,supplies
524572,secondary i.o.l. implantation,2,lab_test
524574,secondary inserlion of i.o.l,1,lab_test
524575,secondary insertion of i.o lens (c13.72,1,eyewear
524576,secondary insertion of i.o. lens prosthesis w/o vitrectomy - 1 day pkg,1,eyewear
524577,secondary insertion of i.o. lens prosthesis->c13.72,1,eyewear
524578,secondary insertion of i.o.l,1,procedure
524579,secondary intraocular lens,1,eyewear
524580,secondary iol (package deal)-without iol,1,supplies
524581,secondary iol implantation,2,supplies
524582,secondary iol implantation (1 eye,1,supplies
524583,secondary iol implantation (one eye,2,supplies
524584,secondary iol implantation with anterior vitrectomy - one eye,1,supplies
524585,secondary repair of cleft lip or palate,1,procedure
524586,secondary repair of flexor or extensor tendon of foot,1,procedure
524587,secondary repair of peripheral nerve nec,1,procedure
524588,secondary scleral fixated iol with anterior vitrectomy - 1day package,1,supplies
524589,secondary suture / local an. in or,1,supplies
524590,secondary suture / per stitch,1,supplies
524591,secondary suture for skin flap under ga,1,supplies
524592,secondary suture for wounds under ga,1,supplies
524593,secondary suture of skin nec,1,supplies
524594,secondary sutures,1,supplies
524595,secondary suturing,1,procedure
524596,secondary suturing (ga,1,procedure
524597,secondary suturing of wound 1st grade,2,procedure
524598,secondary suturing post abdominoplasty,1,procedure
524599,secondary suturing under g .a,1,procedure
524600,secondary suturing under g.a_gsu9547,1,procedure
524601,secondary suturing under general anesthesia,1,procedure
524602,secondary suturing_gsu7015,1,other
524603,secondclass,2,other
524604,secondclass - accommodation,1,eyewear
524605,secondclass - medical supervision,2,consultation
524606,secondry i.o.l. implantation,1,lab_test
524607,secound class,1,other
524609,secret towelettes nail polish remover wipes,1,supplies
524610,secretions suction,2,supplies
524611,secretor iga saliva,1,lab_test
524612,secrit-n,1,other
524613,section of ear one side,1,supplies
524614,sectional removal of 1 tooth,1,dental
524615,sectional removal of a tooth or paer(s) thereof,1,dental
524616,sectional removal of a tooth or par,1,dental
524618,sectional removal of a tooth or part(s) thereof (ncci,1,dental
524619,sectional removal of a tooth pr part(s) thereof,1,dental
524620,sectional removal of atooth part(s)thereof,1,procedure
524621,sectional removal of tooth (any tooth) or part of it,1,dental
524622,sectional removal of tooth or part(s) thereof,2,dental
524623,sectional removal of tooth or part(s)therof,1,dental
524624,section_caesarean - repeat [normal baby care - one baby only,1,supplies
524625,section_caesarean - twins [normal baby care - two babies only,1,other
524626,section_caesarean[normal baby care-one baby only,1,supplies
524631,"secur cath foley securement device adult,600311",1,supplies
524632,securement device for catheter universal 16.8x5.7 #600312 honey medical,1,supplies
524633,securement device for catheter universal 7.7x2.2 #600315 honey medical,1,supplies
524634,securement device for catheter universal 9x3.57 #600314 honey medical,1,supplies
524635,securement device for foley cathter adult 600311,1,supplies
524636,"securestrap , sz 5mm fixation device, , ehe0230",1,procedure
524637,"securestrap , sz 5mm fixation device,medtronic , abstack15",1,supplies
524638,securfix plus u catcanula fixing 7x8 cm box100 - 1623w,1,other
524639,securfix plus u cut cannula fixing 7*8 cm,1,supplies
524640,security guard in amblnce per head,1,other
524679,sedation,3,procedure
524681,sedation - ???? ????,1,procedure
524682,sedation /conscious sedation,1,procedure
524683,sedation asa i & ii,1,procedure
524684,sedation child - ???? ????,1,procedure
524685,sedation fee,1,procedure
524686,sedation fee for colonoscopy,1,procedure
524687,sedation for diagnostic procedure/ investigation/ examination (op / ip,1,procedure
524688,sedation for endoscopy,1,procedure
524690,sedation inhalation-per 30 minutes or part thereof,1,procedure
524694,sedation nitros oxide,1,procedure
524695,sedation per session,1,physiotherapy
524696,"sedation, asa 10",2,procedure
524697,"sedation, asa 20",1,procedure
524698,"sedation, asa 29",1,procedure
524699,"sedation, asa 30",1,procedure
524700,"sedation, asa 90",1,procedure
524701,"sedation, asa 99",2,procedure
524702,sedational i.v,1,lab_test
524703,sedative dressing,1,supplies
524704,sedative dressing / palliative,2,supplies
524705,sedative filling,1,dental
524706,sedative or temporary restoration,1,dental
524708,sedementation rate esr,1,lab_test
524709,sediation,1,other
524710,sedimentation rate,3,other
524711,sedimentation rate(e.s.r,1,lab_test
524712,sedimentation rate(e.s.r.) ( esr,1,lab_test
524713,"sedimentation rate, erythrocyte; automated",2,lab_test
524714,"sedimentation rate, erythrocyte; non-automated",2,lab_test
524715,"sedimentation rate, erythrocyte; non-automated - esr",1,lab_test
524716,sedimentation ratio (rose waaler,1,lab_test
524717,sediplast esr tube w citrate#244173 ital,1,lab_test
524721,seemax 1.6 seecoat plus uv,1,other
524724,seen - reviewed invoice,1,other
525001,sefarix125mg50ml,1,other
525002,segmental hepatectomy liver lesion - 7 days pkg,1,procedure
525003,"segmental internal fixation of spine, 3 or 4 levels",1,lab_test
525004,segmental jaw resection - dr.fee,1,procedure
525005,segmental osteoplasty of maxillary fracture w/fixation,1,procedure
525006,segmental resection of liver,1,procedure
525007,segmental resection of lung,1,procedure
525008,segmental resection of lung (partial lobectomy,1,procedure
525009,segmental resection of lung (partial lobectomy) - 8 days pkg,1,procedure
525010,segmental resection of mandible,1,procedure
525011,segmental resection of small intestine - mulitple / laparascopic,1,procedure
525012,segmentectomy,1,procedure
525013,segmentectomy / lumpectomy breast,1,procedure
525014,segmentectomy/ lumpectomy breast,1,procedure
525015,segmoidoscopy upper giendoscopy,1,procedure
525016,seham elsaidabdelsadek,1,other
525017,seham fawzy youssef,1,other
525018,seiko 1.50 hicyl,1,eyewear
525019,seiko 1.60,1,eyewear
525020,seiko 1.74,1,eyewear
525021,seiko 1.74 hicyl,1,eyewear
525022,seiko asph (1.60,1,eyewear
525023,seiko asph (1.60) gr,1,eyewear
525024,seiko asph (1.67,1,eyewear
525025,seiko asph (1.67) gr,1,eyewear
525026,seiko asph (1.74,1,eyewear
525027,seiko asph (1.74) gr,1,eyewear
525028,seiko az dig d.asph (1.60) sr.blue rx gr1,1,eyewear
525029,seiko az dig d.asph (1.60) sr.blue rx gr2,1,eyewear
525030,seiko blue 1.50,1,eyewear
525031,seiko blue 1.50 hicyl,1,eyewear
525032,seiko blue 1.60,1,eyewear
525033,seiko d.asph (1.60,1,eyewear
525034,seiko d.asph (1.60) gr,1,eyewear
525035,seiko d.asph (1.67,1,eyewear
525036,seiko d.asph (1.67) gr,1,eyewear
525037,seiko d.asph (1.74) gr,1,eyewear
525038,seiko dig d.asph (1.60) gr1,1,eyewear
525039,seiko dig d.asph (1.60) rx gr1,1,eyewear
525040,seiko dig d.asph (1.60) rx gr2,1,eyewear
525041,seiko dig d.asph (1.60) rx gr3,1,eyewear
525042,seiko dig d.asph (1.67) drive rx gr3,1,eyewear
525043,seiko dig d.asph (1.67) gr1,1,eyewear
525044,seiko dig d.asph (1.67) rx gr3,1,eyewear
525045,seiko dig d.asph (1.67) sr.blue rx gr3,1,eyewear
525046,seiko dig d.asph (1.74) rx gr1,1,eyewear
525047,seiko dig d.asph (1.74) rx gr2,1,eyewear
525048,seiko dig sph (1.50) drive gr2,1,eyewear
525049,seiko dig sph (1.50) scc,1,eyewear
525050,seiko dig sph (1.50) sr.blue gr2,1,eyewear
525051,seiko dig sph (1.50) sr.blue gr3,1,eyewear
525052,seiko dig sph (1.50) sr.blue stock,1,eyewear
525053,seiko dig sph (1.60) drive rx gr2,1,eyewear
